Workbook

Sheet README
A1: Pulso · Cap Table
A3: Última actualización | B3: 2026-05-02
A5: Cómo leer este archivo
A7: 1. Tab 'Current' — capitalización actual antes de la ronda. Founder + ESOP unallocated.
A8: 2. Tab 'SAFE Round' — los SAFEs en circulación de la ronda actual ($500K target).
A9: 3. Tab 'Post-Money Sim' — qué pasa cuando los SAFEs convierten en la próxima priced round.
A11: Convenciones de color (estándar de la industria):
A12: · Azul: input editable (lo que cambiás para correr scenarios)
A13: · Negro: fórmula calculada
A14: · Amarillo: assumption clave
A16: Para cambiar el target de la ronda, valuation cap o discount, edití solo las celdas azules en 'SAFE Round'.
A18: Notas legales
A19: · Este es un cap table de trabajo, no la fuente de verdad oficial.
A20: · Para emitir acciones / SAFEs reales necesitás un abogado y, idealmente, una herramienta como Pulley, Carta o AngelList.
A21: · Las acciones (10M total) son una convención. Lo que importa son los porcentajes.

Sheet Current
A1: Cap Table actual (pre-money)
A3: Total acciones autorizadas | B3: 10000000
A5: Holder | B5: Tipo | C5: Acciones | D5: % Fully Diluted | E5: Vesting | F5: Notas
A6: Simon Villena (Founder) | B6: Common | C6: 9000000 | D6: =C6/$B$3 -> 0.9 | E6: 4y / 1y cliff desde 2026-04-01 | F6: Fundador único. Vesting empieza el día de la incorporación de la sociedad.
A7: ESOP Pool (unallocated) | B7: Options | C7: 1000000 | D7: =C7/$B$3 -> 0.1 | E7: n/a hasta asignación | F7: Pool de opciones para futuros empleados. 10% pre-money.
A9: TOTAL | C9: =SUM(C6:C8) -> 10000000 | D9: =SUM(D6:D8) -> 1

Sheet SAFE Round
A1: Ronda actual · SAFEs
A3: Target total de la ronda (USD) | B3: 500000
A4: Valuation cap (USD) | B4: 5000000
A5: Discount % | B5: 0.2
A6: Tipo de SAFE | B6: Post-money SAFE (Y Combinator 2018)
A8: Investor | B8: Tipo | C8: Monto (USD) | D8: Cap | E8: Discount | F8: Status | G8: Fecha
A9: Family Office Roberto | B9: Post-money SAFE | C9: 250000 | D9: 5000000 | E9: 0.2 | F9: Soft commit | G9: 2026-06-15
A10: Angel investor 2 | B10: Post-money SAFE | C10: 100000 | D10: 5000000 | E10: 0.2 | F10: Pendiente
A11: Angel investor 3 | B11: Post-money SAFE | C11: 100000 | D11: 5000000 | E11: 0.2 | F11: Pendiente
A12: [Espacio libre] | B12: Post-money SAFE | C12: 50000 | D12: 5000000 | E12: 0.2 | F12: Open
A14: TOTAL COMPROMETIDO | C14: =SUM(C9:C13) -> 500000
A15: % vs target | C15: =C14/$B$3 -> 1

Sheet Post-Money Sim
A1: Simulación post-conversión SAFE
A3: Asumiendo que los SAFEs convierten en la próxima priced round.
A5: Inputs próxima ronda
A6: Pre-money (próxima ronda) | B6: 8000000
A7: Cheque del nuevo lead (USD) | B7: 2000000
A8: ESOP refresh % (post-money) | B8: 0.1
A9: Total SAFEs convirtiendo | B9: ='SAFE Round'!C14 -> 500000
A10: SAFE conversion price (cap-based) | B10: ='SAFE Round'!B4/Current!C9 -> 0.5
A12: Cap table post-money
A13: Holder | B13: Acciones | C13: % Pre-money | D13: % Post-money | E13: Notas
A14: Simon Villena (Founder) | B14: =Current!C6 -> 9000000 | C14: =B14/Current!C9 -> 0.9 | D14: =B14/$B$19 -> 0.648 | E14: Sin dilución directa, pero % cae
A15: ESOP existente | B15: =Current!C7 -> 1000000 | C15: =B15/Current!C9 -> 0.1 | D15: =B15/$B$19 -> 0.072 | E15: Pool original 10%
A16: Inversores SAFE (converted) | B16: =B9/B10 -> 1000000 | D16: =B16/$B$19 -> 0.072 | E16: Convierten al cap (mejor que descuento si pre-money > cap)
A17: Nuevo lead investor | B17: =B7/(B6/Current!C9) -> 2500000 | D17: =B17/$B$19 -> 0.18 | E17: Cheque de la próxima ronda al pre-money
A18: ESOP top-up | B18: =MAX(0,B8*B19-B15) -> 388888.89 | D18: =B18/$B$19 -> 0.028 | E18: Refresh para mantener pool 10% post
A19: TOTAL POST-MONEY | B19: =(B14+B16+B17)/(1-B8) -> 13888889 | D19: =SUM(D14:D18) -> 1
A21: Dilución del founder
A22: % pre-money | B22: =B14/Current!C9 -> 0.9
A23: % post-money | B23: =B14/$B$19 -> 0.648
A24: Dilución (pp) | B24: =B22-B23 -> 0.252
